{"Mean":{"confidence_interval":{"confidence_level":0.95,"lower_bound":-0.024554678016227436,"upper_bound":0.0017786461275510577},"point_estimate":-0.010546114772820525,"standard_error":0.00674695293313103},"Median":{"confidence_interval":{"confidence_level":0.95,"lower_bound":-0.001485583167150084,"upper_bound":0.0025562912932068915},"point_estimate":0.0005291940939717854,"standard_error":0.0010348075773490076}}