{"Mean":{"confidence_interval":{"confidence_level":0.95,"lower_bound":-0.05934047830472679,"upper_bound":0.010095301935677169},"point_estimate":-0.02512876487302007,"standard_error":0.017822638763757663},"Median":{"confidence_interval":{"confidence_level":0.95,"lower_bound":-0.204070480411351,"upper_bound":0.005508768829104005},"point_estimate":-0.006718226042814135,"standard_error":0.038215727806958776}}