{"Mean":{"confidence_interval":{"confidence_level":0.95,"lower_bound":753533.274201822,"upper_bound":756883.6515297941},"point_estimate":755165.2923630181,"standard_error":854.2677833955732},"Median":{"confidence_interval":{"confidence_level":0.95,"lower_bound":752104.4117647059,"upper_bound":755125.0},"point_estimate":753588.3919843597,"standard_error":856.6395222571417},"MedianAbsDev":{"confidence_interval":{"confidence_level":0.95,"lower_bound":5375.797682338335,"upper_bound":9312.017208225016},"point_estimate":7684.4335070857405,"standard_error":961.7589854420967},"Slope":{"confidence_interval":{"confidence_level":0.95,"lower_bound":753194.5108500326,"upper_bound":756762.7217826985},"point_estimate":754902.473917541,"standard_error":911.5814160128691},"StdDev":{"confidence_interval":{"confidence_level":0.95,"lower_bound":6945.132649267745,"upper_bound":10265.501780407893},"point_estimate":8600.740449096473,"standard_error":850.7239891283093}}