{"Mean":{"confidence_interval":{"confidence_level":0.95,"lower_bound":396266.43693300395,"upper_bound":418537.2645808664},"point_estimate":406886.57236463623,"standard_error":5699.611060131168},"Median":{"confidence_interval":{"confidence_level":0.95,"lower_bound":372503.0108447488,"upper_bound":376551.85185185185},"point_estimate":373302.9911964786,"standard_error":1175.5246951888057},"MedianAbsDev":{"confidence_interval":{"confidence_level":0.95,"lower_bound":2965.059662765088,"upper_bound":10033.281423940813},"point_estimate":4661.2106651461645,"standard_error":2002.1359247952748},"Slope":{"confidence_interval":{"confidence_level":0.95,"lower_bound":405333.75540753617,"upper_bound":441067.448663928},"point_estimate":422320.92350130534,"standard_error":9096.89480879576},"StdDev":{"confidence_interval":{"confidence_level":0.95,"lower_bound":45068.725238934756,"upper_bound":68547.89083147261},"point_estimate":57110.51232261266,"standard_error":6027.414478834481}}