{"Mean":{"confidence_interval":{"confidence_level":0.95,"lower_bound":0.0021739357554953044,"upper_bound":0.012675070379380508},"point_estimate":0.007347737988866232,"standard_error":0.002666844072776281},"Median":{"confidence_interval":{"confidence_level":0.95,"lower_bound":-0.0011823340029454288,"upper_bound":0.012412727079936792},"point_estimate":0.00583025180937935,"standard_error":0.0038732148694098213}}