{"Mean":{"confidence_interval":{"confidence_level":0.95,"lower_bound":-0.032387201586976756,"upper_bound":0.03475176043905843},"point_estimate":-0.0007232127681321421,"standard_error":0.017056529902566998},"Median":{"confidence_interval":{"confidence_level":0.95,"lower_bound":-0.012389663910244986,"upper_bound":0.010929680056648516},"point_estimate":0.001006451975411382,"standard_error":0.005133188016747915}}