{"Mean":{"confidence_interval":{"confidence_level":0.95,"lower_bound":-0.010043526418645676,"upper_bound":-0.0034808920902921967},"point_estimate":-0.006650743706991369,"standard_error":0.0016761328214028402},"Median":{"confidence_interval":{"confidence_level":0.95,"lower_bound":-0.009845018338783151,"upper_bound":-0.003068810883775419},"point_estimate":-0.005032035513395483,"standard_error":0.00180889379523023}}