{"Mean":{"confidence_interval":{"confidence_level":0.95,"lower_bound":-0.051098393630528385,"upper_bound":0.018420132261880898},"point_estimate":-0.016878916702579128,"standard_error":0.017708552317257903},"Median":{"confidence_interval":{"confidence_level":0.95,"lower_bound":-0.20852133669859962,"upper_bound":0.12824192923660793},"point_estimate":-0.1747712128852007,"standard_error":0.09513881034131454}}