{"Mean":{"confidence_interval":{"confidence_level":0.95,"lower_bound":218131.3126489715,"upper_bound":229695.53589006866},"point_estimate":223902.18619812944,"standard_error":2948.366917750251},"Median":{"confidence_interval":{"confidence_level":0.95,"lower_bound":197396.42105263157,"upper_bound":251381.94652406417},"point_estimate":205756.3,"standard_error":17725.93834168279},"MedianAbsDev":{"confidence_interval":{"confidence_level":0.95,"lower_bound":4579.054977569221,"upper_bound":47318.6126178636},"point_estimate":18687.52240507225,"standard_error":12557.804492063144},"Slope":{"confidence_interval":{"confidence_level":0.95,"lower_bound":211657.28812728802,"upper_bound":225772.6090684189},"point_estimate":218413.9261120142,"standard_error":3612.3436410143468},"StdDev":{"confidence_interval":{"confidence_level":0.95,"lower_bound":27865.07125752017,"upper_bound":30880.463304038865},"point_estimate":29551.77383198987,"standard_error":763.993803441704}}