{"Mean":{"confidence_interval":{"confidence_level":0.95,"lower_bound":0.07957524573998444,"upper_bound":0.1528098283553471},"point_estimate":0.11700723263364932,"standard_error":0.018680782187991254},"Median":{"confidence_interval":{"confidence_level":0.95,"lower_bound":0.03937797653128518,"upper_bound":0.2842395322193232},"point_estimate":0.2350688650451127,"standard_error":0.07607788541781663}}