{"Mean":{"confidence_interval":{"confidence_level":0.95,"lower_bound":-0.005553992160483835,"upper_bound":0.0021371012249806302},"point_estimate":-0.0017117865587861214,"standard_error":0.0019741633521479776},"Median":{"confidence_interval":{"confidence_level":0.95,"lower_bound":-0.004632694433305495,"upper_bound":0.002652721292177196},"point_estimate":-0.0018365266900151056,"standard_error":0.0019162285885842977}}