{"Mean":{"confidence_interval":{"confidence_level":0.95,"lower_bound":300365.1224667453,"upper_bound":302464.6474714252},"point_estimate":301316.15776669903,"standard_error":534.5002340692041},"Median":{"confidence_interval":{"confidence_level":0.95,"lower_bound":299879.5918367347,"upper_bound":301500.96153846156},"point_estimate":300427.5,"standard_error":365.9273057949639},"MedianAbsDev":{"confidence_interval":{"confidence_level":0.95,"lower_bound":2116.8975351562417,"upper_bound":3604.395718645868},"point_estimate":2724.6986448087437,"standard_error":368.04196258686034},"Slope":{"confidence_interval":{"confidence_level":0.95,"lower_bound":301301.5987074377,"upper_bound":303474.79479670344},"point_estimate":302290.6694251515,"standard_error":555.6841573278064},"StdDev":{"confidence_interval":{"confidence_level":0.95,"lower_bound":3245.1720281753223,"upper_bound":7799.287538849803},"point_estimate":5394.693158955786,"standard_error":1340.674560391654}}