{"Mean":{"confidence_interval":{"confidence_level":0.95,"lower_bound":-0.005168486017461438,"upper_bound":0.004093755430200904},"point_estimate":-0.0004400977080517565,"standard_error":0.002382182885867971},"Median":{"confidence_interval":{"confidence_level":0.95,"lower_bound":-0.0035148543393093146,"upper_bound":0.002542419190192824},"point_estimate":-0.0012528033117173987,"standard_error":0.001520898350023793}}