{"Mean":{"confidence_interval":{"confidence_level":0.95,"lower_bound":548415.1619063489,"upper_bound":576509.9477229347},"point_estimate":562169.7223131406,"standard_error":7159.940827071236},"Median":{"confidence_interval":{"confidence_level":0.95,"lower_bound":511523.3030168589,"upper_bound":519484.0909090909},"point_estimate":513718.39285714284,"standard_error":2458.974720201071},"MedianAbsDev":{"confidence_interval":{"confidence_level":0.95,"lower_bound":4322.6843606673565,"upper_bound":17169.838412279674},"point_estimate":7788.562445058707,"standard_error":3707.8969220218164},"Slope":{"confidence_interval":{"confidence_level":0.95,"lower_bound":573353.4052399251,"upper_bound":613025.841264962},"point_estimate":593815.4505689375,"standard_error":10135.665765772917},"StdDev":{"confidence_interval":{"confidence_level":0.95,"lower_bound":64235.36561174824,"upper_bound":77088.16334642861},"point_estimate":71842.91782333222,"standard_error":3279.578844355691}}