{"Mean":{"confidence_interval":{"confidence_level":0.95,"lower_bound":-0.10100761863518647,"upper_bound":-0.03103940824011024},"point_estimate":-0.06644980440819825,"standard_error":0.01786848954807016},"Median":{"confidence_interval":{"confidence_level":0.95,"lower_bound":-0.2189129763943548,"upper_bound":-0.05950502145333403},"point_estimate":-0.21228564350505608,"standard_error":0.03961401921195243}}