{"Mean":{"confidence_interval":{"confidence_level":0.95,"lower_bound":207626.4030588611,"upper_bound":217684.9499790489},"point_estimate":212541.22646723027,"standard_error":2570.8664143374385},"Median":{"confidence_interval":{"confidence_level":0.95,"lower_bound":196131.66666666666,"upper_bound":197965.59523809524},"point_estimate":196671.80969629422,"standard_error":578.4222355660144},"MedianAbsDev":{"confidence_interval":{"confidence_level":0.95,"lower_bound":1401.8859651232929,"upper_bound":5430.022403597832},"point_estimate":2363.9980693120096,"standard_error":1160.8102289382523},"Slope":{"confidence_interval":{"confidence_level":0.95,"lower_bound":210867.83497193694,"upper_bound":225192.09449786379},"point_estimate":217804.33456479976,"standard_error":3665.3436792054786},"StdDev":{"confidence_interval":{"confidence_level":0.95,"lower_bound":22411.385864333384,"upper_bound":28345.718349348277},"point_estimate":25873.76311353982,"standard_error":1519.3881040440274}}