{"Mean":{"confidence_interval":{"confidence_level":0.95,"lower_bound":373329.4886890544,"upper_bound":378012.73819860857},"point_estimate":375401.61063075403,"standard_error":1205.3956108036698},"Median":{"confidence_interval":{"confidence_level":0.95,"lower_bound":371754.6816479401,"upper_bound":372847.1264367816},"point_estimate":372197.3032714412,"standard_error":278.77792443504006},"MedianAbsDev":{"confidence_interval":{"confidence_level":0.95,"lower_bound":1749.0277002352443,"upper_bound":2998.800429935791},"point_estimate":2202.89536461751,"standard_error":328.2116909960489},"Slope":{"confidence_interval":{"confidence_level":0.95,"lower_bound":373104.2858007777,"upper_bound":376488.8134111904},"point_estimate":374672.8033101818,"standard_error":866.8262511496599},"StdDev":{"confidence_interval":{"confidence_level":0.95,"lower_bound":5311.669762068895,"upper_bound":17280.099711796836},"point_estimate":12087.578824571317,"standard_error":3065.4309094481378}}