{"Mean":{"confidence_interval":{"confidence_level":0.95,"lower_bound":751526.1350676081,"upper_bound":754818.6494098742},"point_estimate":753135.1666710244,"standard_error":838.5414771353454},"Median":{"confidence_interval":{"confidence_level":0.95,"lower_bound":749825.5102040817,"upper_bound":752707.1526445602},"point_estimate":751793.4912008281,"standard_error":726.9042220080524},"MedianAbsDev":{"confidence_interval":{"confidence_level":0.95,"lower_bound":4792.197196292696,"upper_bound":8706.992047887368},"point_estimate":6808.9916580297595,"standard_error":941.1835324679136},"Slope":{"confidence_interval":{"confidence_level":0.95,"lower_bound":751922.5447373708,"upper_bound":755015.3016252656},"point_estimate":753399.2965863751,"standard_error":789.2043747934598},"StdDev":{"confidence_interval":{"confidence_level":0.95,"lower_bound":6968.260694097121,"upper_bound":9749.626501842473},"point_estimate":8444.406359666678,"standard_error":710.9350895750966}}