{"Mean":{"confidence_interval":{"confidence_level":0.95,"lower_bound":-0.002758257748061092,"upper_bound":0.003733068427699059},"point_estimate":0.0006734252469404733,"standard_error":0.0016638687043318543},"Median":{"confidence_interval":{"confidence_level":0.95,"lower_bound":-0.0019910422674985773,"upper_bound":0.004905689960208903},"point_estimate":0.0016184798785268129,"standard_error":0.0018913864860266479}}