{"Mean":{"confidence_interval":{"confidence_level":0.95,"lower_bound":135676.5838656556,"upper_bound":142660.8534168468},"point_estimate":139151.7240785552,"standard_error":1781.9427143546466},"Median":{"confidence_interval":{"confidence_level":0.95,"lower_bound":125461.95652173914,"upper_bound":152972.61904761905},"point_estimate":147142.92750197003,"standard_error":8760.749019960722},"MedianAbsDev":{"confidence_interval":{"confidence_level":0.95,"lower_bound":7625.164679869959,"upper_bound":29076.900684865836},"point_estimate":22629.456820469048,"standard_error":5835.419542610225},"Slope":{"confidence_interval":{"confidence_level":0.95,"lower_bound":133287.9836826887,"upper_bound":142343.05334732536},"point_estimate":137861.6378503522,"standard_error":2308.383411140877},"StdDev":{"confidence_interval":{"confidence_level":0.95,"lower_bound":16788.937042089256,"upper_bound":19065.72207098782},"point_estimate":17977.414535223565,"standard_error":580.4387567517642}}