{"Mean":{"confidence_interval":{"confidence_level":0.95,"lower_bound":460898.5276007462,"upper_bound":479844.8455193729},"point_estimate":469929.2584239781,"standard_error":4849.782828543483},"Median":{"confidence_interval":{"confidence_level":0.95,"lower_bound":446915.3846153846,"upper_bound":448373.6111111111},"point_estimate":447534.64285714284,"standard_error":417.2012543850025},"MedianAbsDev":{"confidence_interval":{"confidence_level":0.95,"lower_bound":2146.76946188717,"upper_bound":5189.844812427524},"point_estimate":3623.2185055674654,"standard_error":788.2168679946448},"Slope":{"confidence_interval":{"confidence_level":0.95,"lower_bound":473981.7272454053,"upper_bound":509087.3911178691},"point_estimate":491467.0359095611,"standard_error":8995.882662079855},"StdDev":{"confidence_interval":{"confidence_level":0.95,"lower_bound":37485.46308935812,"upper_bound":57335.89608796439},"point_estimate":48699.69488266778,"standard_error":5084.383058764827}}