{"Mean":{"confidence_interval":{"confidence_level":0.95,"lower_bound":1811018.5318231147,"upper_bound":1820764.6461497787},"point_estimate":1815741.5661901594,"standard_error":2482.0538798254906},"Median":{"confidence_interval":{"confidence_level":0.95,"lower_bound":1807911.7326601115,"upper_bound":1817473.3333333333},"point_estimate":1812749.6710526315,"standard_error":2346.9877263984827},"MedianAbsDev":{"confidence_interval":{"confidence_level":0.95,"lower_bound":13766.970267681616,"upper_bound":24601.226254252997},"point_estimate":19182.898705656655,"standard_error":2875.408414801003},"Slope":{"confidence_interval":{"confidence_level":0.95,"lower_bound":1810911.569023519,"upper_bound":1818756.5022613138},"point_estimate":1814713.9139943845,"standard_error":2002.719878912745},"StdDev":{"confidence_interval":{"confidence_level":0.95,"lower_bound":18908.3066778914,"upper_bound":31509.300844221903},"point_estimate":24957.169885696312,"standard_error":3303.321230431262}}