{"Mean":{"confidence_interval":{"confidence_level":0.95,"lower_bound":-0.007356150026919449,"upper_bound":0.00007582904805489624},"point_estimate":-0.003569534740533453,"standard_error":0.0018990661029169788},"Median":{"confidence_interval":{"confidence_level":0.95,"lower_bound":-0.007655374898159262,"upper_bound":0.0009719581047673564},"point_estimate":-0.0034851930437386214,"standard_error":0.002161747040280791}}