{"Mean":{"confidence_interval":{"confidence_level":0.95,"lower_bound":1808512.9499663762,"upper_bound":1817965.9075319888},"point_estimate":1813012.4393659753,"standard_error":2403.4605634017876},"Median":{"confidence_interval":{"confidence_level":0.95,"lower_bound":1805209.7916666665,"upper_bound":1812604.6875},"point_estimate":1808704.5454545454,"standard_error":1967.9992895169876},"MedianAbsDev":{"confidence_interval":{"confidence_level":0.95,"lower_bound":11634.497376779735,"upper_bound":21399.112118328092},"point_estimate":16151.097336558338,"standard_error":2440.3995487595994},"Slope":{"confidence_interval":{"confidence_level":0.95,"lower_bound":1810959.3400197984,"upper_bound":1818129.5674474756},"point_estimate":1814596.5405645042,"standard_error":1828.2289955992626},"StdDev":{"confidence_interval":{"confidence_level":0.95,"lower_bound":16774.47309142268,"upper_bound":31181.513060560377},"point_estimate":24166.387199394194,"standard_error":3711.2319958035146}}