{"Mean":{"confidence_interval":{"confidence_level":0.95,"lower_bound":607349.1465673244,"upper_bound":612028.3437036036},"point_estimate":609649.144752705,"standard_error":1193.2521176337032},"Median":{"confidence_interval":{"confidence_level":0.95,"lower_bound":603599.1071428572,"upper_bound":610374.2216117217},"point_estimate":607330.8333333333,"standard_error":2153.2345946552036},"MedianAbsDev":{"confidence_interval":{"confidence_level":0.95,"lower_bound":7314.096523765657,"upper_bound":14760.379774322753},"point_estimate":11647.514422575747,"standard_error":1946.094087064928},"Slope":{"confidence_interval":{"confidence_level":0.95,"lower_bound":612959.8043054482,"upper_bound":617755.0107333278},"point_estimate":615421.5005172159,"standard_error":1219.3011450104002},"StdDev":{"confidence_interval":{"confidence_level":0.95,"lower_bound":10252.145694380646,"upper_bound":13586.513898296269},"point_estimate":11986.136896461234,"standard_error":853.8482115444431}}