{"Mean":{"confidence_interval":{"confidence_level":0.95,"lower_bound":-0.03511179497960781,"upper_bound":0.0219037884344098},"point_estimate":-0.007315642897234964,"standard_error":0.014559160369438832},"Median":{"confidence_interval":{"confidence_level":0.95,"lower_bound":-0.00018665842016862833,"upper_bound":0.004217028312605509},"point_estimate":0.0018278347932947359,"standard_error":0.0012020852430031422}}